{"resources":[{"@type":"Symfony\\Component\\Config\\Resource\\FileResource","resource":"C:\\1-Tousprojet\\kiznetapp\\vendor\\composer\\installed.json"},{"@type":"Symfony\\Component\\Config\\Resource\\FileResource","resource":"C:\\1-Tousprojet\\kiznetapp\\src\\Kernel.php"},{"@type":"Symfony\\Component\\Config\\Resource\\ClassExistenceResource","resource":"Symfony\\Component\\Workflow\\DependencyInjection\\WorkflowGuardListenerPass","exists":[false,null]},{"@type":"Symfony\\Component\\Config\\Resource\\ClassExistenceResource","resource":"Symfony\\Component\\Scheduler\\DependencyInjection\\AddScheduleMessengerPass","exists":[false,null]},{"@type":"Symfony\\Component\\Config\\Resource\\FileResource","resource":"C:\\1-Tousprojet\\kiznetapp\\config\\bundles.php"},{"@type":"Symfony\\Component\\Config\\Resource\\FileResource","resource":"C:\\1-Tousprojet\\kiznetapp\\config\\packages\\asset_mapper.yaml"},{"@type":"Symfony\\Component\\Config\\Resource\\FileResource","resource":"C:\\1-Tousprojet\\kiznetapp\\config\\packages\\cache.yaml"},{"@type":"Symfony\\Component\\Config\\Resource\\FileResource","resource":"C:\\1-Tousprojet\\kiznetapp\\config\\packages\\csrf.yaml"},{"@type":"Symfony\\Component\\Config\\Resource\\FileResource","resource":"C:\\1-Tousprojet\\kiznetapp\\config\\packages\\debug.yaml"},{"@type":"Symfony\\Component\\Config\\Resource\\FileResource","resource":"C:\\1-Tousprojet\\kiznetapp\\config\\packages\\doctrine.yaml"},{"@type":"Symfony\\Component\\Config\\Resource\\FileResource","resource":"C:\\1-Tousprojet\\kiznetapp\\config\\packages\\doctrine_migrations.yaml"},{"@type":"Symfony\\Component\\Config\\Resource\\FileResource","resource":"C:\\1-Tousprojet\\kiznetapp\\config\\packages\\framework.yaml"},{"@type":"Symfony\\Component\\Config\\Resource\\FileResource","resource":"C:\\1-Tousprojet\\kiznetapp\\config\\packages\\mailer.yaml"},{"@type":"Symfony\\Component\\Config\\Resource\\FileResource","resource":"C:\\1-Tousprojet\\kiznetapp\\config\\packages\\messenger.yaml"},{"@type":"Symfony\\Component\\Config\\Resource\\FileResource","resource":"C:\\1-Tousprojet\\kiznetapp\\config\\packages\\monolog.yaml"},{"@type":"Symfony\\Component\\Config\\Resource\\FileResource","resource":"C:\\1-Tousprojet\\kiznetapp\\config\\packages\\notifier.yaml"},{"@type":"Symfony\\Component\\Config\\Resource\\FileResource","resource":"C:\\1-Tousprojet\\kiznetapp\\config\\packages\\routing.yaml"},{"@type":"Symfony\\Component\\Config\\Resource\\FileResource","resource":"C:\\1-Tousprojet\\kiznetapp\\config\\packages\\security.yaml"},{"@type":"Symfony\\Component\\Config\\Resource\\FileResource","resource":"C:\\1-Tousprojet\\kiznetapp\\config\\packages\\translation.yaml"},{"@type":"Symfony\\Component\\Config\\Resource\\FileResource","resource":"C:\\1-Tousprojet\\kiznetapp\\config\\packages\\twig.yaml"},{"@type":"Symfony\\Component\\Config\\Resource\\FileResource","resource":"C:\\1-Tousprojet\\kiznetapp\\config\\packages\\validator.yaml"},{"@type":"Symfony\\Component\\Config\\Resource\\FileResource","resource":"C:\\1-Tousprojet\\kiznetapp\\config\\packages\\web_profiler.yaml"},{"@type":"Symfony\\Component\\Config\\Resource\\FileResource","resource":"C:\\1-Tousprojet\\kiznetapp\\config\\services.yaml"},{"@type":"Symfony\\Component\\Config\\Resource\\ReflectionClassResource","files":{"C:\\1-Tousprojet\\kiznetapp\\src\\Controller\\FactureController.php":null},"className":"App\\Controller\\FactureController","hash":"82db89728f9b7d59655897d25c7e48f2"},{"@type":"Symfony\\Component\\Config\\Resource\\ReflectionClassResource","files":{"C:\\1-Tousprojet\\kiznetapp\\src\\Controller\\HomeController.php":null},"className":"App\\Controller\\HomeController","hash":"67b6145ad995ce36c05f19475a010171"},{"@type":"Symfony\\Component\\Config\\Resource\\ReflectionClassResource","files":{"C:\\1-Tousprojet\\kiznetapp\\src\\Controller\\ItemController.php":null},"className":"App\\Controller\\ItemController","hash":"13d1e0df8e966291847924ad1704bad5"},{"@type":"Symfony\\Component\\Config\\Resource\\ReflectionClassResource","files":{"C:\\1-Tousprojet\\kiznetapp\\src\\Controller\\PdfController.php":null},"className":"App\\Controller\\PdfController","hash":"703e5e3de9e94159bf0df843b356a39a"},{"@type":"Symfony\\Component\\Config\\Resource\\ReflectionClassResource","files":{"C:\\1-Tousprojet\\kiznetapp\\src\\Form\\FactureType.php":null},"className":"App\\Form\\FactureType","hash":"e143368e8df4c7a14b8d6db460bc784a"},{"@type":"Symfony\\Component\\Config\\Resource\\ReflectionClassResource","files":{"C:\\1-Tousprojet\\kiznetapp\\src\\Form\\ItemType.php":null},"className":"App\\Form\\ItemType","hash":"e143368e8df4c7a14b8d6db460bc784a"},{"@type":"Symfony\\Component\\Config\\Resource\\ReflectionClassResource","files":{"C:\\1-Tousprojet\\kiznetapp\\src\\Repository\\FactureRepository.php":null},"className":"App\\Repository\\FactureRepository","hash":"44d3e94169116617b88c7bf03157f2e3"},{"@type":"Symfony\\Component\\Config\\Resource\\ReflectionClassResource","files":{"C:\\1-Tousprojet\\kiznetapp\\src\\Repository\\ItemRepository.php":null},"className":"App\\Repository\\ItemRepository","hash":"789b0ebc8f1a18788cd44fca153b3762"},{"@type":"Symfony\\Component\\Config\\Resource\\GlobResource","prefix":"C:\\1-Tousprojet\\kiznetapp\\src","pattern":"","recursive":true,"hash":"e58173ddee4f87f57a2424fd8fcdc466","forExclusion":false,"excludedPrefixes":{"C:/1-Tousprojet/kiznetapp/src/Entity":true,"C:/1-Tousprojet/kiznetapp/src/Kernel.php":true}},{"@type":"Symfony\\Component\\Config\\Resource\\FileResource","resource":"C:\\1-Tousprojet\\kiznetapp\\composer.json"},{"@type":"Symfony\\Component\\Config\\Resource\\DirectoryResource","resource":"C:\\1-Tousprojet\\kiznetapp\\translations","pattern":null},{"@type":"Symfony\\Component\\Config\\Resource\\FileExistenceResource","exists":false,"resource":"C:\\1-Tousprojet\\kiznetapp/config/serializer"},{"@type":"Symfony\\Component\\Config\\Resource\\FileExistenceResource","exists":false,"resource":"C:\\1-Tousprojet\\kiznetapp/config/validator"},{"@type":"Symfony\\Component\\Config\\Resource\\FileExistenceResource","exists":false,"resource":"C:\\1-Tousprojet\\kiznetapp/templates/bundles/FrameworkBundle"},{"@type":"Symfony\\Component\\Config\\Resource\\FileExistenceResource","exists":false,"resource":"C:\\1-Tousprojet\\kiznetapp/templates/bundles/DoctrineBundle"},{"@type":"Symfony\\Component\\Config\\Resource\\FileExistenceResource","exists":false,"resource":"C:\\1-Tousprojet\\kiznetapp/templates/bundles/DoctrineMigrationsBundle"},{"@type":"Symfony\\Component\\Config\\Resource\\FileExistenceResource","exists":false,"resource":"C:\\1-Tousprojet\\kiznetapp/templates/bundles/TwigBundle"},{"@type":"Symfony\\Component\\Config\\Resource\\FileExistenceResource","exists":false,"resource":"C:\\1-Tousprojet\\kiznetapp/templates/bundles/StimulusBundle"},{"@type":"Symfony\\Component\\Config\\Resource\\FileExistenceResource","exists":false,"resource":"C:\\1-Tousprojet\\kiznetapp/templates/bundles/TurboBundle"},{"@type":"Symfony\\Component\\Config\\Resource\\FileExistenceResource","exists":false,"resource":"C:\\1-Tousprojet\\kiznetapp/templates/bundles/TwigExtraBundle"},{"@type":"Symfony\\Component\\Config\\Resource\\FileExistenceResource","exists":false,"resource":"C:\\1-Tousprojet\\kiznetapp/templates/bundles/SecurityBundle"},{"@type":"Symfony\\Component\\Config\\Resource\\FileExistenceResource","exists":false,"resource":"C:\\1-Tousprojet\\kiznetapp/templates/bundles/MonologBundle"},{"@type":"Symfony\\Component\\Config\\Resource\\FileExistenceResource","exists":true,"resource":"C:\\1-Tousprojet\\kiznetapp/templates"},{"@type":"Symfony\\Component\\Config\\Resource\\ReflectionClassResource","files":{"C:\\1-Tousprojet\\kiznetapp\\src\\Kernel.php":null},"className":"App\\Kernel","hash":"c40ce0f9313f8039b6b48e7b744dc6bf"},{"@type":"Symfony\\Component\\Config\\Resource\\ClassExistenceResource","resource":"Jose\\Component\\Signature\\Algorithm\\ES256","exists":[false,null]},{"@type":"Symfony\\Component\\Config\\Resource\\ClassExistenceResource","resource":"Jose\\Component\\Signature\\Algorithm\\ES384","exists":[false,null]},{"@type":"Symfony\\Component\\Config\\Resource\\ClassExistenceResource","resource":"Jose\\Component\\Signature\\Algorithm\\ES512","exists":[false,null]},{"@type":"Symfony\\Component\\Config\\Resource\\ClassExistenceResource","resource":"Jose\\Component\\Signature\\Algorithm\\RS256","exists":[false,null]},{"@type":"Symfony\\Component\\Config\\Resource\\ClassExistenceResource","resource":"Jose\\Component\\Signature\\Algorithm\\RS384","exists":[false,null]},{"@type":"Symfony\\Component\\Config\\Resource\\ClassExistenceResource","resource":"Jose\\Component\\Signature\\Algorithm\\RS512","exists":[false,null]},{"@type":"Symfony\\Component\\Config\\Resource\\ClassExistenceResource","resource":"Jose\\Component\\Signature\\Algorithm\\PS256","exists":[false,null]},{"@type":"Symfony\\Component\\Config\\Resource\\ClassExistenceResource","resource":"Jose\\Component\\Signature\\Algorithm\\PS384","exists":[false,null]},{"@type":"Symfony\\Component\\Config\\Resource\\ClassExistenceResource","resource":"Jose\\Component\\Signature\\Algorithm\\PS512","exists":[false,null]}]}